{
  "pageTitle": "Eric Bachmann | Investor",
  "name": "Eric Bachmann",
  "themeColor": "",
  "location": "Silicon Valley, California",
  "biography": "Lorem ipsum dolor sit amet, ex quod graeci vituperata per, recusabo comprehensam vel id. Vim oblique recteque at. Doming torquatos an quo. Duis meis zril vim ea. Homero doming sit cu, ei laudem maiorum appetere sit. Deleniti atomorum eu sit. Ne iudico liberavisse sea. Nam at erant debitis, erant efficiendi cum in, ut pro iusto quaestio iudicabit.",
  "socialLinks": [
    {
      "name": "Github",
      "icon": "fa-github",
      "link": "https://link-your-github"
    },
    {
      "name": "CodePen",
      "icon": "fa-codepen",
      "link": "https://link-your-codepen"
    },
    {
      "name": "LinkedIn",
      "icon": "fa-linkedin",
      "link": "https://link-your-linkedin"
    }
  ]
}
